,City,Lat,Lng,Max Temp,Humidity,Cloudiness,Wind Speed,Country,Date
0,thompson,55.74,-97.86,12,76,75,2.1,CA,1598727318
1,banda aceh,5.56,95.32,26.61,78,91,1.67,ID,1598727318
2,carutapera,-1.2,-46.02,29.66,63,28,5.44,BR,1598727318
3,khatanga,71.97,102.5,9.53,74,62,3.69,RU,1598727318
4,carnarvon,-24.87,113.63,16,67,0,5.7,AU,1598727180
5,mattru,7.62,-11.83,23.03,96,100,1.51,SL,1598727319
6,barrow,71.29,-156.79,3,74,90,7.2,US,1598727319
7,port alfred,-33.59,26.89,11.98,63,28,8.13,ZA,1598727319
8,mataura,-46.19,168.86,9.27,80,93,3,NZ,1598727319
9,shingu,33.73,135.98,24.43,88,0,1.67,JP,1598727319
10,atuona,-9.8,-139.03,26.14,77,2,8.53,PF,1598727319
11,ribeira grande,38.52,-28.7,26,83,40,5.7,PT,1598727320
12,naze,28.37,129.48,27,94,75,2.1,JP,1598727219
13,jamestown,42.1,-79.24,22.78,77,90,8.7,US,1598727172
14,cape town,-33.93,18.42,9.44,75,40,6.7,ZA,1598727320
15,punta arenas,-53.15,-70.92,4,86,75,14.4,CL,1598727320
16,bredasdorp,-34.53,20.04,6,93,100,3.6,ZA,1598727183
17,henties bay,-22.12,14.28,13.89,79,0,2.24,NA,1598727320
18,coquimbo,-29.95,-71.34,16,55,92,6.7,CL,1598727320
19,potosi,-19.58,-65.75,17.87,17,0,2.94,BO,1598727321
20,malinyi,-8.93,36.13,22.94,63,24,1.09,TZ,1598727321
21,mahebourg,-20.41,57.7,22,73,75,7.2,MU,1598727321
22,beloha,-25.17,45.05,24.06,57,56,1.97,MG,1598727321
23,ilulissat,69.22,-51.1,10,62,75,2.6,GL,1598727321
24,antofagasta,-23.65,-70.4,15,67,20,6.2,CL,1598727226
25,puerto ayora,-0.74,-90.35,24,64,96,11.3,EC,1598727321
26,kavieng,-2.57,150.8,27.93,78,48,7.26,PG,1598727322
27,hualmay,-11.1,-77.61,19.27,68,22,4.94,PE,1598727322
28,taolanaro,NA,NA,NA,NA,NA,NA,NA,NA
29,galesong,-5.32,119.37,25,83,20,0.5,ID,1598727048
30,belushya guba,NA,NA,NA,NA,NA,NA,NA,NA
31,wenling,28.37,121.36,27.78,91,2,0.97,CN,1598727322
32,boa vista,2.82,-60.67,30,62,75,3.6,BR,1598727322
33,sao gabriel da cachoeira,-0.13,-67.09,28.12,72,88,2.3,BR,1598727322
34,ushuaia,-54.8,-68.3,1,80,75,8.2,AR,1598727023
35,hilo,19.73,-155.09,26,65,20,2.1,US,1598727323
36,new norfolk,-42.78,147.06,12.78,57,100,0.45,AU,1598727060
37,mar del plata,-38,-57.56,10,57,20,7.7,AR,1598727089
38,rikitea,-23.12,-134.97,21.11,65,81,2.86,PF,1598727170
39,khrebtovaya,56.7,104.25,9.72,94,12,1.08,RU,1598727323
40,kodiak,57.79,-152.41,13,76,90,6.2,US,1598727240
41,taseyevo,57.22,94.9,10.36,94,0,1.06,RU,1598727323
42,faanui,-16.48,-151.75,25.42,79,78,11.13,PF,1598727181
43,katobu,-4.94,122.53,23.01,86,96,1.92,ID,1598727324
44,halalo,NA,NA,NA,NA,NA,NA,NA,NA
45,rawannawi,NA,NA,NA,NA,NA,NA,NA,NA
46,vaini,-21.2,-175.2,23,88,20,3.6,TO,1598727324
47,lavrentiya,65.58,-171,7.33,73,50,4.56,RU,1598727191
48,meridian,43.61,-116.39,30,28,1,3.6,US,1598727076
49,bluff,-46.6,168.33,11.29,79,80,14.5,NZ,1598727173
50,aklavik,68.22,-135.01,9,81,40,2.1,CA,1598727324
51,fort nelson,58.81,-122.7,5,86,90,7.7,CA,1598727204
52,bossembele,NA,NA,NA,NA,NA,NA,NA,NA
53,dikson,73.51,80.55,5.97,99,100,4.76,RU,1598727324
54,butaritari,3.07,172.79,28.15,72,29,5.15,KI,1598727325
55,lebu,-37.62,-73.65,9.36,61,0,7.29,CL,1598727202
56,vestmanna,62.16,-7.17,9,87,100,4.1,FO,1598727325
57,nizhneyansk,NA,NA,NA,NA,NA,NA,NA,NA
58,novoagansk,61.94,76.66,12.36,90,0,0.89,RU,1598727325
59,busselton,-33.65,115.33,5,72,63,3.45,AU,1598727325
60,iqaluit,63.75,-68.51,13,62,40,8.7,CA,1598727325
61,visby,57.64,18.3,17.22,87,5,3.6,SE,1598727326
62,saint-joseph,-21.37,55.62,22,73,32,6.2,RE,1598727326
63,pacific grove,36.62,-121.92,19,63,20,2.6,US,1598727072
64,amderma,NA,NA,NA,NA,NA,NA,NA,NA
65,port blair,11.67,92.75,27.94,78,2,2.29,IN,1598727326
66,broken hill,-31.95,141.43,17,29,12,7.2,AU,1598727326
67,satitoa,NA,NA,NA,NA,NA,NA,NA,NA
68,mount gambier,-37.83,140.77,15,32,40,9.3,AU,1598727327
69,esperance,-33.87,121.9,8,87,75,2.6,AU,1598727190
70,saldanha,-33.01,17.94,7,70,0,2.6,ZA,1598727327
71,moquegua,-17.2,-70.94,18,77,90,3.1,PE,1598727327
72,portree,57.41,-6.19,10.56,71,100,0.45,GB,1598727327
73,qaanaaq,77.48,-69.36,4.31,69,0,1.29,GL,1598727327
74,bengkulu,-3.8,102.27,24.66,86,97,1.73,ID,1598727328
75,port lincoln,-34.73,135.87,13.89,72,50,7.43,AU,1598727328
76,gat,31.61,34.76,28.89,77,0,2.17,IL,1598727328
77,albany,42.6,-73.97,25,86,76,3.48,US,1598727172
78,damaturu,11.75,11.96,26.14,70,100,1.21,NG,1598727328
79,merauke,-8.47,140.33,25.6,84,95,7.24,ID,1598727328
80,yeppoon,-23.13,150.73,16,67,90,3.1,AU,1598727328
81,morondava,-20.28,44.28,23.38,87,0,3.05,MG,1598727329
82,torbay,47.67,-52.73,20,52,40,8.2,CA,1598727329
83,kuching,1.55,110.33,23,100,20,1,MY,1598727329
84,abu samrah,35.3,37.18,27.68,17,0,1.32,SY,1598727329
85,ngukurr,NA,NA,NA,NA,NA,NA,NA,NA
86,alice springs,-23.7,133.88,9,24,0,2.11,AU,1598727329
87,hobart,-42.88,147.33,12.78,58,100,4.6,AU,1598727246
88,provideniya,64.38,-173.3,9.37,77,85,5.21,RU,1598727187
89,hermanus,-34.42,19.23,5.56,89,98,0.45,ZA,1598727245
90,port hardy,50.7,-127.42,16,67,40,4.1,CA,1598727206
91,hobbs,32.7,-103.14,36.67,18,5,8.2,US,1598727330
92,saint george,37.1,-113.58,32.78,22,1,4.1,US,1598727319
93,avarua,-21.21,-159.78,24,78,0,7.2,CK,1598727330
94,omboue,-1.57,9.26,23.9,84,100,4.61,GA,1598727330
95,xining,36.62,101.77,9.23,84,100,1.74,CN,1598727330
96,husavik,66.04,-17.34,11,71,75,2.6,IS,1598727189
97,sjenica,43.27,20,17.66,62,0,1.46,RS,1598727331
98,longyearbyen,78.22,15.64,5,87,75,7.2,SJ,1598727222
99,mahajanga,-15.72,46.32,23,78,0,1,MG,1598727331
100,ilo,-17.64,-71.34,18,77,90,3.1,PE,1598727331
101,alotau,NA,NA,NA,NA,NA,NA,NA,NA
102,saurimo,-9.66,20.39,24.22,48,64,1.07,AO,1598727331
103,touros,-5.2,-35.46,28,65,40,7.7,BR,1598727331
104,bambous virieux,-20.34,57.76,22,73,75,7.2,MU,1598727332
105,codrington,-38.27,141.97,15.11,35,100,10.35,AU,1598727187
106,marawi,8,124.29,23.89,89,100,2.68,PH,1598727332
107,koumac,-20.57,164.28,17.95,80,100,7.38,NC,1598727332
108,wagga wagga,-35.12,147.37,6,100,0,4.1,AU,1598727332
109,clyde river,70.47,-68.59,12,71,1,6.2,CA,1598727332
110,rohru,31.22,77.75,16.57,79,1,0.81,IN,1598727332
111,inongo,-1.95,18.27,22.48,83,74,2.02,CD,1598727333
112,bandarbeyla,9.49,50.81,25.09,77,96,12.55,SO,1598727333
113,chapais,49.78,-74.85,14,58,20,4.1,CA,1598727333
114,tromso,69.65,18.96,9,76,20,6.2,NO,1598727333
115,kapaa,22.08,-159.32,25.56,78,75,3.6,US,1598727333
116,port-cartier,50.03,-66.87,15,54,75,5.7,CA,1598727333
117,gizo,-8.1,156.84,27.77,81,7,6.92,SB,1598727334
118,kazalinsk,NA,NA,NA,NA,NA,NA,NA,NA
119,muhos,64.81,25.99,12,71,0,2.6,FI,1598727334
120,kloulklubed,7.04,134.26,25,88,75,3.51,PW,1598727334
121,riyadh,24.69,46.72,34,14,14,3.1,SA,1598727100
122,tasiilaq,65.61,-37.64,7,65,75,7.7,GL,1598727174
123,hays,30.05,-98.03,37.22,41,0,1.79,US,1598727334
124,hithadhoo,-0.6,73.08,28.08,76,100,4.72,MV,1598727334
125,anjozorobe,-18.4,47.87,13,93,20,3.6,MG,1598727335
126,vestmannaeyjar,63.44,-20.27,11,81,75,4.1,IS,1598727335
127,attawapiskat,NA,NA,NA,NA,NA,NA,NA,NA
128,maragogi,-9.01,-35.22,25.45,78,44,5.54,BR,1598727335
129,meyungs,NA,NA,NA,NA,NA,NA,NA,NA
130,sibolga,1.74,98.78,25.14,83,99,1.5,ID,1598727335
131,tianpeng,30.99,103.94,26,94,20,1,CN,1598727335
132,bolungarvik,NA,NA,NA,NA,NA,NA,NA,NA
133,la ronge,55.1,-105.28,20,60,75,7.2,CA,1598727050
134,nardaran,40.56,50.01,22,83,0,2.1,AZ,1598727336
135,sentyabrskiy,NA,NA,NA,NA,NA,NA,NA,NA
136,ahipara,-35.17,173.17,10.3,85,0,0.91,NZ,1598727336
137,lagoa,39.05,-27.98,23.63,94,97,3.78,PT,1598727336
138,karaul,NA,NA,NA,NA,NA,NA,NA,NA
139,grand river south east,NA,NA,NA,NA,NA,NA,NA,NA
140,mantua,45.17,10.78,20.56,91,100,1.34,IT,1598727336
141,grand gaube,-20.01,57.66,21.67,73,1,3.13,MU,1598727337
142,tasbuget,NA,NA,NA,NA,NA,NA,NA,NA
143,hastings,50.86,0.57,14,82,91,9.8,GB,1598727337
144,port-gentil,-0.72,8.78,25,83,75,6.73,GA,1598727337
145,sabratah,32.79,12.49,30.87,45,0,6.9,LY,1598727337
146,whitehaven,54.55,-3.58,11.11,80,16,6.15,GB,1598727337
147,hamilton,39.18,-84.53,30.56,61,75,5.1,US,1598727170
148,mangai,-4.05,19.53,25.66,70,94,1.32,CD,1598727338
149,varasti,44.24,26.25,28.89,45,0,5.1,RO,1598727338
150,severo-kurilsk,50.68,156.12,9.47,91,100,5.85,RU,1598727338
151,alofi,-19.06,-169.92,23,78,24,3.1,NU,1598727338
152,sistranda,63.73,8.83,12,76,75,3.1,NO,1598727338
153,storforshei,66.4,14.52,8.89,88,97,1.57,NO,1598727338
154,port macquarie,-31.43,152.92,6,100,7,2.68,AU,1598727339
155,cidreira,-30.18,-50.21,22.04,68,68,3.5,BR,1598727211
156,saskylakh,71.92,114.08,10.13,62,100,1.84,RU,1598727170
157,tamiahua,21.27,-97.45,30.84,70,81,3.54,MX,1598727339
158,juneau,58.3,-134.42,12.78,81,20,0.54,US,1598727339
159,labuhan,-6.88,112.21,24.85,77,100,2.95,ID,1598727339
160,yaan,7.38,8.57,23.38,92,93,1.38,NG,1598727339
161,georgetown,5.41,100.34,28,78,20,1.07,MY,1598727340
162,klaksvik,62.23,-6.59,9,87,100,4.1,FO,1598727340
163,imbituba,-28.24,-48.67,24,69,22,5.7,BR,1598727340
164,poum,-20.23,164.02,20.03,77,100,9.14,NC,1598727214
165,russkaya polyana,49.42,31.92,21.08,49,0,3.95,UA,1598727340
166,barentsburg,NA,NA,NA,NA,NA,NA,NA,NA
167,ahuimanu,21.44,-157.84,28,61,20,5.7,US,1598727340
168,piacabucu,-10.41,-36.43,25.89,77,12,6.54,BR,1598727340
169,goundam,16.41,-3.67,32.28,46,100,1.62,ML,1598727341
170,mastic beach,40.77,-72.85,24,88,90,2.6,US,1598727141
171,lompoc,34.64,-120.46,19,77,40,3.06,US,1598727341
172,luderitz,-26.65,15.16,12.56,63,0,9.73,NA,1598727341
173,coromandel,-18.47,-47.2,28.91,28,0,3.46,BR,1598727341
174,arecibo,18.47,-66.72,32.22,68,7,1.79,PR,1598727341
175,berlevag,70.86,29.09,10.45,78,88,5.73,NO,1598727342
176,vila velha,-20.33,-40.29,26.67,69,20,6.7,BR,1598727173
177,nang rong,14.64,102.79,24.87,86,100,2.04,TH,1598727342
178,chagda,NA,NA,NA,NA,NA,NA,NA,NA
179,cap malheureux,-19.98,57.61,21.67,73,1,3.13,MU,1598727342
180,kokstad,-30.55,29.42,7.5,75,100,1.98,ZA,1598727245
181,portland,45.52,-122.68,21.67,63,40,1.5,US,1598727086
182,yeletskiy,NA,NA,NA,NA,NA,NA,NA,NA
183,urumqi,43.8,87.6,18,55,0,3,CN,1598727342
184,victoria,22.29,114.16,28.89,79,0,2.22,HK,1598727127
185,sisimiut,66.94,-53.67,9,89,100,3.14,GL,1598727343
186,kruisfontein,-34,24.73,8.33,67,100,1.34,ZA,1598727193
187,hasaki,35.73,140.83,25,94,20,2.1,JP,1598727343
188,obernai,48.46,7.48,17.22,72,100,2.1,FR,1598727343
189,castro,-24.79,-50.01,24.8,51,0,2.39,BR,1598727343
190,safwah,NA,NA,NA,NA,NA,NA,NA,NA
191,nikolskoye,59.7,30.79,14.44,87,75,3,RU,1598727204
192,samusu,NA,NA,NA,NA,NA,NA,NA,NA
193,kimbe,-5.55,150.14,23.24,88,6,2.79,PG,1598727344
194,chokurdakh,70.63,147.92,2.88,96,100,2.13,RU,1598727183
195,vila franca do campo,37.72,-25.43,25,88,75,6.2,PT,1598727344
196,tiksi,71.69,128.87,4.86,87,0,3.17,RU,1598727344
197,agirish,61.92,63.02,14.46,71,100,4.58,RU,1598727344
198,terrace,54.52,-128.6,10,100,90,1.5,CA,1598727334
199,pisco,-13.7,-76.22,18,72,90,3.6,PE,1598727270
200,airai,-8.93,125.41,12.54,48,24,1.63,TL,1598727344
201,kerteh,NA,NA,NA,NA,NA,NA,NA,NA
202,morada nova,-5.11,-38.37,34.64,30,100,6.32,BR,1598727345
203,nome,64.5,-165.41,13.89,76,90,4.1,US,1598727221
204,berdigestyakh,62.1,126.7,10.96,91,100,2.07,RU,1598727345
205,saint-philippe,-21.36,55.77,22,73,38,6.2,RE,1598727345
206,lunglei,22.88,92.73,19.81,100,100,0.81,IN,1598727345
207,panaba,21.28,-88.27,36.11,46,98,3.87,MX,1598727345
208,xirokambos,NA,NA,NA,NA,NA,NA,NA,NA
209,illoqqortoormiut,NA,NA,NA,NA,NA,NA,NA,NA
210,banepa,27.63,85.52,22,94,75,2.1,NP,1598727346
211,cedar city,37.68,-113.06,29,17,1,7.7,US,1598727215
212,bethel,41.37,-73.41,24.44,88,90,2.6,US,1598727346
213,raga,8.46,25.68,21.92,92,100,0.74,SS,1598727346
214,mys shmidta,NA,NA,NA,NA,NA,NA,NA,NA
215,marcona,NA,NA,NA,NA,NA,NA,NA,NA
216,bulawayo,-20.15,28.58,22.99,21,49,0.96,ZW,1598727346
217,bowen,-20.02,148.23,18,88,75,4.6,AU,1598727347
218,ponta do sol,32.67,-17.1,23,60,40,8.2,PT,1598727347
219,karratha,-20.74,116.85,24.57,39,0,3.46,AU,1598727347
220,umzimvubu,NA,NA,NA,NA,NA,NA,NA,NA
221,verkhoyansk,67.54,133.38,7.19,59,89,1.45,RU,1598727347
222,sayyan,15.17,44.32,17.74,65,80,1.29,YE,1598727347
223,andra,62.51,65.89,13.04,82,100,4.61,RU,1598727348
224,wewak,-3.55,143.63,23.94,88,16,2.91,PG,1598727348
225,turayf,31.67,38.66,32,18,0,4.1,SA,1598727348
226,puerto colombia,10.99,-74.95,31,79,40,3.6,CO,1598727348
227,benemerito de las americas,16.52,-90.64,36.09,42,0,1.8,MX,1598727348
228,tuy hoa,13.08,109.3,25.78,85,98,2.94,VN,1598727348
229,rovenki,48.08,39.38,19.32,49,0,1.39,UA,1598727349
230,manassas park,38.78,-77.47,25.56,94,90,3.1,US,1598727349
231,fatehpur,25.93,80.8,26.44,84,15,5.47,IN,1598727349
232,zalantun,48,122.72,13.23,92,100,3.59,CN,1598727349
233,rodeo,38.03,-122.27,23.89,56,1,5.1,US,1598727349
234,sao joao da barra,-21.64,-41.05,27,61,0,10.3,BR,1598727349
235,lagos,6.58,3.75,27,78,20,3.6,NG,1598726816
236,puerto madryn,-42.77,-65.04,9.38,44,0,6.85,AR,1598727069
237,chuy,-33.7,-53.46,16.67,92,98,4.45,UY,1598727064
238,kushima,31.46,131.23,26.67,83,23,0.89,JP,1598727231
239,richards bay,-28.78,32.04,20.13,73,100,5.61,ZA,1598727350
240,tuktoyaktuk,69.45,-133.04,7,81,75,4.6,CA,1598727350
241,mehran,33.12,46.16,26,10,0,2.1,IR,1598727350
242,leningradskiy,69.38,178.42,2.47,91,100,4.1,RU,1598727350
243,arcata,40.87,-124.08,16.67,93,90,2.1,US,1598727135
244,warqla,NA,NA,NA,NA,NA,NA,NA,NA
245,zyryanovsk,49.74,84.27,10.2,81,0,1.01,KZ,1598727351
246,isla vista,34.41,-119.86,22.78,72,75,3.1,US,1598727351
247,nevers,46.92,3.33,18,59,10,2.1,FR,1598727351
248,ozgon,NA,NA,NA,NA,NA,NA,NA,NA
249,tonj,7.27,28.68,21.99,96,100,1.59,SS,1598727351
250,nouadhibou,20.93,-17.03,28,65,0,9.3,MR,1598727351
251,tilichiki,60.47,166.1,5.79,83,100,1.96,RU,1598727217
252,namagiripettai,11.47,78.27,25.79,75,95,1.79,IN,1598727352
253,east london,-33.02,27.91,11,71,88,11.3,ZA,1598727352
254,cabedelo,-6.98,-34.83,28,69,40,6.7,BR,1598727352
255,hurghada,27.26,33.81,31,52,0,1.5,EG,1598727352
256,tabiauea,NA,NA,NA,NA,NA,NA,NA,NA
257,pasni,25.26,63.47,27.44,85,80,7.02,PK,1598727352
258,krasnoselkup,65.7,82.47,14.18,77,100,2.87,RU,1598727353
259,cornwall,45.02,-74.73,19,93,90,2.1,CA,1598727353
260,beyneu,45.32,55.2,25.06,43,82,5.28,KZ,1598727353
261,san rafael del sur,11.85,-86.44,30,66,40,5.1,NI,1598727353
262,phan rang,NA,NA,NA,NA,NA,NA,NA,NA
263,zambezi,-13.54,23.1,25.66,41,100,1.87,ZM,1598727353
264,lewistown,40.6,-77.57,28.89,78,75,4.1,US,1598727354
265,constitucion,-35.33,-72.42,12.95,65,0,6.46,CL,1598727354
266,weyburn,49.67,-103.85,27.78,24,0,6.71,CA,1598727354
267,bilibino,68.05,166.44,6.85,80,100,1.81,RU,1598727354
268,hobyo,5.35,48.53,25.45,82,1,11.39,SO,1598727354
269,atherton,53.52,-2.49,13.33,70,5,1.79,GB,1598727354
270,nanakuli,21.39,-158.15,28,58,1,4.6,US,1598727355
271,at-bashi,41.17,75.81,12.64,54,53,2.32,KG,1598727200
272,hami,42.8,93.45,21.56,24,81,0.2,CN,1598727355
273,narrabri,-30.32,149.78,10,80,0,1.5,AU,1598727355
274,kaitangata,-46.28,169.85,11.67,69,11,7.15,NZ,1598727181
275,charlestown,-32.95,151.67,9.44,88,0,0.89,AU,1598727230
276,sur,22.57,59.53,29.08,67,33,5.48,OM,1598727355
277,londoko,49.03,131.98,10.09,95,100,4.24,RU,1598727355
278,beringovskiy,63.05,179.32,10.02,87,100,8.72,RU,1598727356
279,guerrero negro,27.98,-114.06,30.85,49,0,3.29,MX,1598727356
280,conway,35.09,-92.44,35.56,56,1,0.92,US,1598727356
281,jurm,36.86,70.83,16.32,45,0,0.82,AF,1598727356
282,bosaso,11.28,49.18,32.43,53,100,0.64,SO,1598727356
283,kudahuvadhoo,2.67,72.89,28.52,72,100,4.1,MV,1598727356
284,vaitupu,NA,NA,NA,NA,NA,NA,NA,NA
285,malwan,NA,NA,NA,NA,NA,NA,NA,NA
286,tuatapere,-46.13,167.68,9.41,81,100,4.67,NZ,1598727357
287,ixtapa,20.7,-105.2,31,55,20,1,MX,1598727357
288,dalbandin,28.89,64.41,27.44,15,0,0.99,PK,1598727357
289,sept-iles,50.2,-66.38,15,54,75,5.7,CA,1598727357
290,satana,20.58,74.2,22.4,89,100,3.91,IN,1598727357
291,gorkovskoye,NA,NA,NA,NA,NA,NA,NA,NA
292,newport,51.59,-3,15.56,69,84,6.51,GB,1598727358
293,kroya,-7.63,109.25,23.9,82,100,4.2,ID,1598727358
294,kabalo,-6.05,26.92,26.83,58,20,2.05,CD,1598727358
295,anloga,5.79,0.9,26,78,20,4.6,GH,1598727358
296,bagotville,-28.98,153.42,12,93,11,1,AU,1598727358
297,parintins,-2.63,-56.74,34.28,44,91,1.1,BR,1598727358
298,norman wells,65.28,-126.83,9,57,40,4.1,CA,1598727187
299,tsihombe,NA,NA,NA,NA,NA,NA,NA,NA
300,santo antonio do ica,-3.1,-67.94,34.78,39,94,0.68,BR,1598727357
301,guiren,33.67,118.19,21.5,97,18,2.55,CN,1598727359
302,cherskiy,68.75,161.3,3.56,94,100,1.51,RU,1598727183
303,muros,42.78,-9.06,18.89,64,0,4.47,ES,1598727359
304,kahului,20.89,-156.47,28,54,40,6.2,US,1598727359
305,harrisonburg,38.45,-78.87,29,66,75,4.29,US,1598727359
306,laguna,38.42,-121.42,27.22,44,1,2.6,US,1598727359
307,togur,58.36,82.83,12.32,97,2,2.12,RU,1598727360
308,vao,-22.67,167.48,18.88,73,97,9.16,NC,1598727360
309,dingle,11,122.67,23.92,87,100,0.81,PH,1598727360
310,juybar,36.64,52.91,23,83,4,2.1,IR,1598727360
311,san patricio,19.22,-104.7,32,70,40,6.2,MX,1598727360
312,ilinskiy,55.62,38.12,15,100,97,1,RU,1598727361
313,deputatskiy,69.3,139.9,-0.07,100,74,1.11,RU,1598727361
314,arraial do cabo,-22.97,-42.03,27,65,0,11.3,BR,1598727341
315,esso,55.93,158.7,3.67,77,99,1.73,RU,1598727189
316,galgani,NA,NA,NA,NA,NA,NA,NA,NA
317,abramovka,51.19,41.02,16.87,69,56,2.04,RU,1598727362
318,zeya,53.75,127.27,9.35,67,99,1.25,RU,1598727362
319,kailua,21.4,-157.74,28,61,20,5.7,US,1598727153
320,sompeta,18.93,84.6,27.68,85,0,4.09,IN,1598727362
321,asau,46.43,26.4,18.89,80,0,1.16,RO,1598727362
322,upernavik,72.79,-56.15,5.51,67,0,3.2,GL,1598727362
323,katsuura,35.13,140.3,28,88,75,3.6,JP,1598727363
324,port augusta,-32.5,137.77,18,23,40,4.6,AU,1598727363
325,tungkang,NA,NA,NA,NA,NA,NA,NA,NA
326,kamina,-8.74,24.99,24.35,51,24,2.11,CD,1598727363
327,pyapon,16.28,95.68,25.87,90,99,2.69,MM,1598727363
328,domoni,-12.26,44.53,23.57,74,0,0.91,KM,1598727364
329,melfi,41,15.65,30,51,5,1,IT,1598727364
330,shatoy,42.87,45.69,24,57,0,1,RU,1598727364
331,haines junction,60.75,-137.51,13.08,62,23,1.63,CA,1598727212
332,hihifo,NA,NA,NA,NA,NA,NA,NA,NA
333,marquette,46.53,-87.63,17.78,65,93,3.58,US,1598727364
334,huacho,-11.11,-77.61,19.24,69,23,4.97,PE,1598727365
335,eureka,40.8,-124.16,16.67,93,90,2.1,US,1598727078
336,college,64.86,-147.8,11.11,93,90,2.1,US,1598727365
337,avera,33.19,-82.53,31,70,75,5.1,US,1598727365
338,yellowknife,62.46,-114.35,8.33,100,90,9.8,CA,1598727365
339,hofn,64.25,-15.21,10.33,74,100,0.86,IS,1598727171
340,tailai,46.38,123.4,18.33,65,83,2.24,CN,1598727365
341,geraldton,-28.77,114.6,6,87,0,2.1,AU,1598727366
342,waverly,42.74,-84.62,24,50,75,7.7,US,1598727256
343,kadoma,34.73,135.58,27.22,88,19,0.4,JP,1598727366
344,margate,51.38,1.39,13.33,92,100,2.24,GB,1598727366
345,vardo,70.37,31.11,11.24,73,95,6.62,NO,1598727366
346,puerto narino,-3.77,-70.38,32,62,40,2.6,CO,1598727366
347,aginskoye,51.1,114.53,7.6,93,100,1.42,RU,1598727366
348,moose factory,51.26,-80.61,14,82,90,4.6,CA,1598727367
349,kamaishi,39.27,141.88,23.23,89,100,2.42,JP,1598727367
350,souillac,-20.52,57.52,22,73,75,7.2,MU,1598727367
351,hatillo,18.49,-66.83,32.22,68,3,1.79,PR,1598727367
352,chingirlau,51.09,54.08,24.04,32,100,3.14,KZ,1598727367
353,yantarnyy,54.87,19.94,16,93,36,2,RU,1598727367
354,kattivakkam,13.22,80.32,29,83,20,3.1,IN,1598727368
355,boyolangu,-8.12,111.89,22.14,84,62,1.74,ID,1598727368
356,iquique,-20.22,-70.14,17,59,22,6.7,CL,1598727368
357,mount isa,-20.73,139.5,17,33,40,0.5,AU,1598727368
358,tyn nad vltavou,49.22,14.42,16.11,92,100,1.77,CZ,1598727368
359,leua,48.22,18.61,25.56,61,0,2.76,SK,1598727368
360,sola,-13.88,167.55,26.5,84,32,11.98,VU,1598727369
361,vidim,56.41,103.11,10.95,91,40,1.22,RU,1598727369
362,ayagoz,47.97,80.44,13.49,60,0,5.21,KZ,1598727205
363,saint-pierre,-21.34,55.48,22,73,30,6.2,RE,1598727369
364,cabo san lucas,22.89,-109.91,27.78,94,90,3.6,MX,1598727369
365,sobolevo,54.43,31.9,15.37,92,96,4.57,RU,1598727369
366,kadykchan,NA,NA,NA,NA,NA,NA,NA,NA
367,shelburne,44.08,-80.2,18.89,82,90,7.7,CA,1598727370
368,samarai,-10.62,150.67,25.71,86,67,6.69,PG,1598727370
369,egvekinot,66.32,-179.17,3.15,78,42,6.37,RU,1598727189
370,havre-saint-pierre,50.23,-63.6,14,62,1,10.3,CA,1598727370
371,debre zeyit,8.75,38.98,18,72,75,1.5,ET,1598727370
372,xuddur,4.12,43.89,25.42,61,0,6.9,SO,1598727370
373,hvide sande,56,8.13,14.44,78,72,0.4,DK,1598727371
374,kozhevnikovo,56.26,83.97,16.67,81,60,2.53,RU,1598727371
375,hervey bay,-25.3,152.85,14.44,87,90,3.1,AU,1598727096
376,road town,18.42,-64.62,31,70,20,4.1,VG,1598727371
377,shimoda,34.67,138.95,23.33,90,0,0.45,JP,1598727371
378,saint-georges,12.06,-61.75,32,66,40,4.1,GD,1598727141
379,florianopolis,-27.61,-48.5,24.44,69,0,5.7,BR,1598727371
380,batagay-alyta,67.8,130.41,6.77,67,100,0.67,RU,1598727371
381,pevek,69.7,170.31,2.89,83,100,2.71,RU,1598727372
382,prainha,-1.8,-53.48,34.29,43,21,2.59,BR,1598727372
383,cururupu,-1.83,-44.87,29.69,60,1,3.38,BR,1598727372
384,sao jose da coroa grande,-8.9,-35.15,25.79,76,26,5.61,BR,1598727372
385,eldorado,-23.79,-54.28,28.97,46,0,3.6,BR,1598727372
386,kendari,-3.94,122.5,22.53,91,89,1.45,ID,1598727372
387,sao filipe,14.9,-24.5,27.3,76,69,1.94,CV,1598727373
388,sakakah,29.97,40.21,35,9,0,3.6,SA,1598727373
389,snasa,64.25,12.38,11.18,69,97,1.26,NO,1598727373
390,dunedin,-45.87,170.5,10.56,70,6,3.58,NZ,1598727166
391,latung,5.5,120.88,28.43,72,100,1.92,PH,1598727373
392,araouane,18.9,-3.53,33.1,43,98,5.68,ML,1598727373
393,port elizabeth,-33.92,25.57,9,76,40,5.7,ZA,1598727374
394,mercedes,-34.65,-59.43,13.89,86,88,2.24,AR,1598727129
395,namibe,-15.2,12.15,16.67,72,0,4.01,AO,1598727248
396,port moresby,-9.44,147.18,23.15,86,58,1.06,PG,1598727320
397,marevo,57.31,32.08,13.25,82,100,2.27,RU,1598727374
398,qaqortoq,60.72,-46.03,18,27,40,9.3,GL,1598727374
399,pangnirtung,66.15,-65.71,12,62,20,4.6,CA,1598727201
400,biak,-0.91,122.88,24.55,83,100,3.52,ID,1598727374
401,aykhal,66,111.5,11,50,75,2,RU,1598727348
402,qui nhon,13.77,109.23,26.34,83,92,3.21,VN,1598727375
403,zhicheng,30.3,111.5,25.56,79,0,1.5,CN,1598727375
404,ballina,-28.87,153.57,12,93,65,1,AU,1598727375
405,nanortalik,60.14,-45.24,11.03,67,99,3.11,GL,1598727180
406,san matias,-16.37,-58.4,42.53,8,0,3.13,BO,1598727375
407,roma,43.21,-75.46,27,61,75,3.6,US,1598727375
408,ponta delgada,37.73,-25.67,25,88,75,6.2,PT,1598727375
409,homer,59.64,-151.55,14,82,1,4.1,US,1598727376
410,praia,14.92,-23.51,26,94,75,4.1,CV,1598727220
411,uglegorskiy,48.24,41.25,20.92,49,0,2.03,RU,1598727376
412,aporawan,NA,NA,NA,NA,NA,NA,NA,NA
413,shuangcheng,45.35,126.28,18.89,100,20,1,CN,1598727376
414,wattegama,6.8,81.48,27,88,90,3.6,LK,1598727376
415,bauchi,10.5,10,22.36,91,100,0.32,NG,1598727376
416,oussouye,12.48,-16.55,28,94,40,2.1,SN,1598727377
417,itoman,26.12,127.67,28,88,20,3.6,JP,1598727377
418,te anau,-45.42,167.72,9.11,82,100,3.31,NZ,1598727176
419,san quintin,30.48,-115.95,24.73,62,0,5.75,MX,1598727377
420,lata,40.16,-8.33,20.56,70,0,2.68,PT,1598727377
421,mackay,-21.15,149.2,20,77,40,8.2,AU,1598727356
422,kalga,50.93,118.9,11.06,95,100,1.52,RU,1598727377
423,usinsk,65.99,57.53,6.92,76,0,5.6,RU,1598727378
424,monterey,36.25,-121.25,32.78,72,90,3.6,US,1598727378
425,arlit,18.74,7.39,34.52,36,0,3.63,NE,1598727378
426,fortuna,40.6,-124.16,17.78,87,1,3.1,US,1598727187
427,komsomolskiy,40.43,71.72,23,56,74,2.1,UZ,1598727378
428,villa carlos paz,-31.42,-64.5,16,41,91,7.2,AR,1598727378
429,klichka,50.45,118,10.42,98,100,1.43,RU,1598727378
430,le havre,49.49,0.11,15,72,75,7.7,FR,1598727379
431,balkanabat,39.51,54.37,27.92,23,31,4.07,TM,1598727379
432,saint-augustin,51.23,-58.65,17.57,50,85,5.34,CA,1598727198
433,ndele,8.41,20.65,22.11,97,100,1.74,CF,1598727379
434,saleaula,NA,NA,NA,NA,NA,NA,NA,NA
435,singkang,2.1,102.8,26,94,20,0.96,MY,1598727379
436,vengerovo,55.68,76.75,13.67,90,0,2.45,RU,1598727379
437,korla,41.76,86.15,23.33,66,0,3.13,CN,1598727380
438,garden city,42.33,-83.33,25.56,53,75,8.7,US,1598727380
439,northam,51.03,-4.22,15.56,74,0,6.26,GB,1598727380
440,macaubas,-13.02,-42.7,32.13,18,1,3.69,BR,1598727380
441,karkaralinsk,NA,NA,NA,NA,NA,NA,NA,NA
442,fuling,29.7,107.39,24.91,74,0,1.62,CN,1598727380
443,shizunai,42.33,142.37,16.77,86,100,7.41,JP,1598727381
444,goba,7.02,39.98,10.14,77,0,2.53,ET,1598727381
445,karamay,NA,NA,NA,NA,NA,NA,NA,NA
446,roebourne,-20.78,117.13,24.44,43,0,3.15,AU,1598727381
447,suntar,62.14,117.63,10.18,96,93,1.74,RU,1598727381
448,aksarka,66.56,67.8,5.42,71,97,2.95,RU,1598727177
449,khandyga,62.67,135.6,7.92,55,100,2.34,RU,1598727231
450,kulhudhuffushi,6.62,73.07,28.53,69,71,2.6,MV,1598727381
451,stepnyak,52.83,70.78,18.57,60,0,0.92,KZ,1598727382
452,buluang,13.31,123.34,25.72,74,100,1.44,PH,1598727382
453,puerto baquerizo moreno,-0.9,-89.6,22,78,75,10.3,EC,1598727382
454,ostrovnoy,68.05,39.51,7.14,81,100,2.25,RU,1598727382
455,mayo,38.89,-76.51,28,88,90,3.1,US,1598727382
456,caravelas,-17.71,-39.25,25.13,70,0,3.18,BR,1598727382
457,sorong,-0.88,131.25,24.82,85,100,1.85,ID,1598727383
458,tessalit,20.2,1.01,25.3,67,100,5.3,ML,1598727383
459,busovaca,44.1,17.88,23,46,0,2.6,BA,1598727161
460,thornaby,54.53,-1.3,12.22,62,20,9.3,GB,1598727383
461,wairoa,-39.03,177.37,9.44,74,0,1.34,NZ,1598727383
462,rongcheng,30.63,117.85,22.92,91,0,0.74,CN,1598727383
463,barcelos,41.54,-8.62,21.11,60,20,5.7,PT,1598727340
464,high level,58.52,-117.14,10,81,75,4.6,CA,1598727191
465,marfino,55.7,37.38,15,82,40,2,RU,1598727384
466,la pila,22.05,-100.87,26,34,40,3.12,MX,1598727384
467,hirara,24.8,125.28,28.73,82,0,4.87,JP,1598727384
468,sao francisco,-15.95,-44.86,32.98,19,0,2.56,BR,1598727384
469,kpandae,8.47,-0.01,24.64,81,100,2.85,GH,1598727384
470,stornoway,58.21,-6.39,12.22,66,75,2.6,GB,1598727384
471,el alto,-4.27,-81.21,23,60,14,7.7,PE,1598727385
472,vagay,57.94,69.02,15.26,90,92,2.46,RU,1598727385
473,sao borja,-28.66,-56,28.72,54,45,2.63,BR,1598727385
474,panalingaan,8.78,117.42,26.92,76,100,0.27,PH,1598727385
475,sovetskiy,61.36,63.58,14.4,82,100,4.51,RU,1598727385
476,manado,1.49,124.85,24,88,20,1,ID,1598727385
477,fallon,39.47,-118.78,31.11,17,1,1.5,US,1598727102
478,flinders,-34.58,150.86,11.11,82,0,0.45,AU,1598727386
479,papasquiaro,NA,NA,NA,NA,NA,NA,NA,NA
480,yeniseysk,58.45,92.17,10.24,94,30,1.06,RU,1598727386
481,bathsheba,13.22,-59.52,29,79,75,10.3,BB,1598727386
482,andapa,-14.65,49.65,16.25,90,21,0.88,MG,1598727386
483,morwell,-38.23,146.4,2.22,96,98,0.49,AU,1598727386
484,zhigansk,66.77,123.37,11.96,59,100,4.01,RU,1598727387
485,yatou,37.15,122.38,22.22,96,29,2.1,CN,1598727387
486,vostok,46.49,135.88,9.42,98,100,2.72,RU,1598727192
487,klyuchi,52.27,79.17,17,55,0,3.09,RU,1598727139
488,rusape,-18.53,32.13,20.38,29,0,3.41,ZW,1598727387
489,springfield,37.22,-93.3,24.44,79,100,2.68,US,1598727088
490,aflu,NA,NA,NA,NA,NA,NA,NA,NA
491,andevoranto,NA,NA,NA,NA,NA,NA,NA,NA
492,ust-nera,64.57,143.2,3.29,74,78,1.33,RU,1598727387
493,olafsvik,64.89,-23.71,11.4,90,100,4.98,IS,1598727231
494,acapulco,16.86,-99.89,28,78,75,2.1,MX,1598727125
495,lorengau,-2.02,147.27,27.42,81,88,4.91,PG,1598727348
496,la malbaie,47.66,-70.16,13.89,87,100,1.79,CA,1598727388
497,duldurga,50.68,113.59,9.61,88,100,0.93,RU,1598727388
498,yarada,17.65,83.27,29,89,75,2.6,IN,1598727388
499,solovetskiy,NA,NA,NA,NA,NA,NA,NA,NA
500,lappersdorf,49.06,12.09,14,93,40,1.63,DE,1598727388
501,concepcion,-36.83,-73.05,12,50,0,6.2,CL,1598727106
502,altamira,-3.2,-52.21,33,55,40,2.1,BR,1598727255
503,dakar,14.69,-17.44,30,79,40,7.2,SN,1598727389
504,diego de almagro,-26.37,-70.05,24.55,16,0,5.16,CL,1598727389
505,portmore,17.97,-76.87,32,75,20,6.2,JM,1598727389
506,westport,41.14,-73.36,26,78,75,5.7,US,1598727254
507,talnakh,69.49,88.4,8,100,32,2,RU,1598727389
508,mariestad,58.71,13.82,12.22,89,95,2.1,SE,1598727389
509,puerto escondido,15.85,-97.07,29,54,75,2.6,MX,1598727099
510,kalmar,56.66,16.36,16.11,100,3,3.1,SE,1598727199
511,kungurtug,50.6,97.52,7.97,85,100,0.83,RU,1598727390
512,bogalusa,30.79,-89.85,28,78,75,1.5,US,1598727390
513,coahuayana,18.73,-103.68,26,78,75,2.83,MX,1598727390
514,abalak,58.13,68.59,14.89,91,71,2.76,RU,1598727390
515,kyabe,9.45,18.94,22.06,93,23,2.26,TD,1598727390
516,manuk mangkaw,4.8,119.85,28.93,68,41,1.37,PH,1598727391
517,natal,-5.79,-35.21,29,66,40,9.3,BR,1598727391
518,sainte-anne-des-monts,49.12,-66.49,15.29,55,100,1.98,CA,1598727198
519,kormilovka,55,74.1,19,68,40,3,RU,1598727391
520,coffs harbour,-30.3,153.13,10,93,0,2.1,AU,1598727391
521,kijabe,-0.93,36.58,13.89,83,99,4.47,KE,1598727391
522,price,39.6,-110.81,29,17,1,4.6,US,1598727229
523,isangel,-19.55,169.27,22.28,85,100,9.14,VU,1598727212
524,grand centre,NA,NA,NA,NA,NA,NA,NA,NA
525,lasa,46.62,10.7,12.78,100,75,2.1,IT,1598727392
526,bonthe,7.53,-12.51,24.64,88,100,4.73,SL,1598727392
527,liwale,-9.77,37.93,21.05,76,0,2.51,TZ,1598727392
528,hovd,48.01,91.64,11.28,63,100,0.6,MN,1598727392
529,bouloupari,-21.87,166.05,18,72,90,1,NC,1598727392
530,barranca,-10.75,-77.77,19.07,69,10,5.15,PE,1598727393
531,mergui,NA,NA,NA,NA,NA,NA,NA,NA
532,balod,20.73,81.2,23,93,6,2.93,IN,1598727393
533,nova londrina,-22.77,-52.98,30.84,36,0,2.66,BR,1598727393
534,itarema,-2.92,-39.92,28.65,62,0,10.18,BR,1598727393
535,san cristobal,7.77,-72.22,32,52,40,5.1,VE,1598727294
536,areka,7.07,37.7,17.39,84,100,0.32,ET,1598727393
537,tolmachevo,54.98,82.74,18,68,40,3,RU,1598727393
538,vila do maio,15.13,-23.22,26,94,75,4.1,CV,1598727394
539,fevralsk,NA,NA,NA,NA,NA,NA,NA,NA
540,rio grande,-32.03,-52.1,20,82,90,3.6,BR,1598727394
541,havelock,34.88,-76.9,33,59,75,6.7,US,1598727196
542,opuwo,-18.06,13.84,13.38,36,0,3.03,NA,1598727394
543,kokopo,-4.35,152.26,25.16,85,99,5.28,PG,1598727394
544,hay river,60.82,-115.8,11,93,90,1.5,CA,1598727361
545,rungata,NA,NA,NA,NA,NA,NA,NA,NA
546,khonuu,NA,NA,NA,NA,NA,NA,NA,NA
547,ulladulla,-35.35,150.47,12,54,0,3.6,AU,1598727395
548,waipawa,-41.41,175.52,13,76,0,8.2,NZ,1598727395
549,mittagong,-34.45,150.45,11.11,82,0,0.45,AU,1598727395
550,tabukiniberu,NA,NA,NA,NA,NA,NA,NA,NA
551,fenton,42.8,-83.7,24,53,75,8.2,US,1598727395
552,aswan,24.09,32.91,31.81,20,0,2.66,EG,1598727395
553,vung tau,10.35,107.08,27.68,84,28,5.44,VN,1598727396
554,kamenskoye,NA,NA,NA,NA,NA,NA,NA,NA
555,faya,18.39,42.45,21,77,20,2.6,SA,1598727396
556,shiraz,29.6,52.54,28,20,40,3.21,IR,1598727221
557,tommot,58.96,126.29,9.88,65,100,1.73,RU,1598727396
558,buin,-33.73,-70.75,15,44,20,2.1,CL,1598727210
559,mus,39,41.75,22.15,23,0,2.58,TR,1598727308
560,isnos,1.94,-76.24,19.42,81,74,1.51,CO,1598727396
561,kropotkin,45.44,40.58,21.55,34,0,3.21,RU,1598727396
562,kadhan,24.48,68.99,28.13,83,100,7.07,PK,1598727397
563,presidencia roque saenz pena,-26.79,-60.44,34.15,32,85,3.19,AR,1598727397
564,zaranj,30.97,61.88,29,20,0,9.8,AF,1598727397
565,dongsheng,39.82,109.98,14.63,85,100,8.12,CN,1598727397
566,ancud,-41.87,-73.82,2.78,93,46,4.02,CL,1598727397
567,wollongong,-34.43,150.88,11.11,82,0,0.45,AU,1598727398
568,sitka,57.05,-135.33,13,71,75,1.46,US,1598727398
569,asosa,10.07,34.53,16.99,100,100,0.41,ET,1598727398
570,santa rosa,14.31,121.11,29,79,100,2.1,PH,1598727398
571,gamboma,-1.88,15.86,25.18,78,97,0.98,CG,1598727398
572,koungou,-12.73,45.2,25,73,90,2.6,YT,1598727398
573,west sacramento,38.58,-121.53,27.22,44,1,2.6,US,1598727274
574,lima,-12.04,-77.03,17,77,90,3.1,PE,1598727111
575,severnyy,50.68,36.55,19,63,0,0.86,RU,1598727399
576,birobidzhan,48.8,132.95,11.72,89,100,2.96,RU,1598727399
577,otse,-25.02,25.73,20,14,99,4.1,BW,1598727399
578,concepcion del uruguay,-32.48,-58.24,14.44,82,100,10.73,AR,1598727399
579,tura,25.52,90.22,23.7,96,96,1.91,IN,1598727307
580,kuanshan,NA,NA,NA,NA,NA,NA,NA,NA
581,wuwei,37.93,102.64,13.56,71,100,2.3,CN,1598727399
582,porbandar,21.64,69.61,25.86,95,100,5.58,IN,1598727400
583,mizan teferi,6.98,35.58,17.28,91,100,0.92,ET,1598727400
584,pueblo,38.25,-104.61,26.67,53,1,2.6,US,1598727400
585,emerald,-23.53,148.17,13,82,0,3.6,AU,1598727400
586,ust-omchug,61.15,149.63,-0.46,95,0,2.01,RU,1598727400
587,eisenhuttenstadt,NA,NA,NA,NA,NA,NA,NA,NA
588,gardan diwal,NA,NA,NA,NA,NA,NA,NA,NA
589,porto walter,-8.27,-72.74,38.52,25,100,1.05,BR,1598727401
590,lichinga,-13.31,35.24,20,68,20,4.1,MZ,1598727401
591,senekal,-28.32,27.62,6.65,53,0,3.77,ZA,1598727401
592,guilin,25.28,110.29,25,88,20,2,CN,1598727401
593,qovlar,40.95,45.73,24,57,20,1.28,AZ,1598727401
594,mahibadhoo,3.78,72.97,28.4,68,93,2.22,MV,1598727402
595,zeerust,-25.54,26.08,13,20,96,3.1,ZA,1598727402
596,esna,25.29,32.55,34,36,0,2.1,EG,1598727402
597,nosy varika,-20.58,48.53,20.43,86,0,1.84,MG,1598727402
598,seredka,58.16,28.19,13,87,75,3,RU,1598727402
599,yendi,9.44,-0.01,24.47,86,100,1.32,GH,1598727402
600,nizwa,22.93,57.53,32.23,44,26,1.56,OM,1598727402
601,pafos,34.77,32.42,27,88,0,2.1,CY,1598727403
602,cayenne,4.93,-52.33,32,55,20,3.1,GF,1598727403
603,rio gallegos,-51.62,-69.22,9,73,100,14.9,AR,1598727316
604,aleksandrov gay,50.15,48.57,21.86,49,0,4.23,RU,1598727403
605,kurumkan,54.3,110.3,11.52,77,100,1.11,RU,1598727403
606,palmer,42.16,-72.33,23.89,94,90,3.6,US,1598727224
607,vaitape,-16.52,-151.75,25.85,78,85,11.26,PF,1598727403
608,toliary,NA,NA,NA,NA,NA,NA,NA,NA
609,lephepe,NA,NA,NA,NA,NA,NA,NA,NA
610,fremont,37.55,-121.99,26.11,77,75,3.6,US,1598727149
611,narsaq,60.92,-46.05,18,27,40,9.3,GL,1598727404
612,tottori,35.5,134.23,25.79,80,0,1.91,JP,1598727134
613,sugag,45.77,23.63,26,39,0,3.1,RO,1598727404
614,sioux lookout,50.1,-91.92,15,67,75,3.6,CA,1598727404
615,salalah,17.02,54.09,25,94,90,1.5,OM,1598727222
616,mizdah,31.45,12.98,29.4,18,0,4.96,LY,1598727405
617,curup,-3.47,102.53,20.31,90,96,1.62,ID,1598727405
618,eyl,7.98,49.82,25.65,75,0,10.02,SO,1598727405
619,belyy yar,53.6,91.39,12,93,0,1,RU,1598727405
620,vibo valentia,38.7,16.13,28,69,0,6.7,IT,1598727405
